{"has_child":1,"home_url":"http:\/\/localhost","child_file":{"localhost_wpvivid-5e3c3435f1431_2020-02-06-15-43_backup_content.zip":{"file_type":"wp-content","root_flag":"root","file":"localhost_wpvivid-5e3c3435f1431_2020-02-06-15-43_backup_content.zip"},"localhost_wpvivid-5e3c3435f1431_2020-02-06-15-43_backup_plugin.zip":{"file_type":"plugin","plugin":{"advanced-custom-fields":{"slug":"advanced-custom-fields","size":7190516},"classic-editor":{"slug":"classic-editor","size":61187},"contact-form-7":{"slug":"contact-form-7","size":560548},"woocommerce":{"slug":"woocommerce","size":23929059},"woocommerce-admin":{"slug":"woocommerce-admin","size":9930546},"woocommerce-services":{"slug":"woocommerce-services","size":2909011},"woocommerce-gateway-stripe":{"slug":"woocommerce-gateway-stripe","size":747633},"wordpress-importer":{"slug":"wordpress-importer","size":76367},"static-html-output-plugin":{"slug":"static-html-output-plugin","size":450090}},"root_flag":"wp-content","file":"localhost_wpvivid-5e3c3435f1431_2020-02-06-15-43_backup_plugin.zip"},"localhost_wpvivid-5e3c3435f1431_2020-02-06-15-43_backup_core.zip":{"include_path":["wp-includes","wp-admin"],"wp_core":1,"home_url":"http:\/\/localhost","file_type":"wp-core","root_flag":"root","file":"localhost_wpvivid-5e3c3435f1431_2020-02-06-15-43_backup_core.zip"},"localhost_wpvivid-5e3c3435f1431_2020-02-06-15-43_backup_uploads.zip":{"file_type":"upload","root_flag":"wp-content","file":"localhost_wpvivid-5e3c3435f1431_2020-02-06-15-43_backup_uploads.zip"},"localhost_wpvivid-5e3c3435f1431_2020-02-06-15-43_backup_db.zip":{"dump_db":1,"home_url":"http:\/\/localhost","file_type":"databases","root_flag":"custom","file":"localhost_wpvivid-5e3c3435f1431_2020-02-06-15-43_backup_db.zip"},"localhost_wpvivid-5e3c3435f1431_2020-02-06-15-43_backup_themes.zip":{"file_type":"themes","themes":{"look-cat-in":{"slug":"look-cat-in","size":1053957}},"root_flag":"wp-content","file":"localhost_wpvivid-5e3c3435f1431_2020-02-06-15-43_backup_themes.zip"}},"root_flag":"custom","file":"localhost_wpvivid-5e3c3435f1431_2020-02-06-15-43_backup_all.zip"}